organisationName,organisationCategory,organisationNameNice
Bangor University,Academia,Bangor University
Cambridge Centre for Health Services Research,Academia,Cambridge Centre for Health Services Research
Cardiff University,Academia,Cardiff University
CARDIFF UNIVERSITY,Academia,Cardiff University
Centre for Health Service Economics and Organisation,Academia,Centre for Health Service Economics and Organisation
Erasmus University Rotterdam,Academia,Erasmus University Rotterdam
KINGS COLLEGE MEDICAL SCHOOL,Academia,GKT School of Medical Education
Kings College Medical School,Academia,GKT School of Medical Education
Glasgow Caledonian University,Academia,Glasgow Caledonian University
Imperial College London Business School,Academia,Imperial College Business School
Imperial College London,Academia,Imperial College London
IMPERIAL COLLEGE LONDON,Academia,Imperial College London
King's College London,Academia,King's College London
KING'S COLLEGE LONDON,Academia,King's College London
Kingston University London,Academia,Kingston University London
London School of Economics and Political Science (LSE),Academia,London School of Economics
LONDON SCHOOL OF ECONOMICS AND POLITICAL SCIENCE (LSE),Academia,London School of Economics
London School of Hygiene and Tropical Medicine,Academia,London School of Hygiene and Tropical Medicine
LONDON SCHOOL OF HYGIENE AND TROPICAL MEDICINE,Academia,London School of Hygiene and Tropical Medicine
Medical Research Council Clinical Trials Unit,Academia,Medical Research Council Clinical Trials Unit
MEDICAL RESEARCH COUNCIL CLINICAL TRIALS UNIT,Academia,Medical Research Council Clinical Trials Unit
National CJD Surveillance Unit,Academia,National CJD Surveillance Unit
NATIONAL CJD SURVEILLANCE UNIT,Academia,National CJD Surveillance Unit
Newcastle University,Academia,Newcastle University
NEWCASTLE UNIVERSITY,Academia,Newcastle University
UNIVERSITY OF NEWCASTLE UPON TYNE,Academia,Newcastle University
THE MEDICAL SCHOOL - NEWCASTLE UPON TYNE,Academia,Newcastle University Medical School
The Medical School - Newcastle upon Tyne,Academia,Newcastle University Medical School
THE NUFFIELD DEPARTMENT OF SURGICAL SCIENCES - NDS,Academia,Nuffield Department of Surgical Sciences
Queen Mary University of London,Academia,Queen Mary University of London
QUEEN MARY UNIVERSITY OF LONDON,Academia,Queen Mary University of London
ST GEORGE'S HOSPITAL MEDICAL SCHOOL,Academia,"St George's, University of London"
"St George's, University of London",Academia,"St George's, University of London"
Swansea University,Academia,Swansea University
INSTITUTE OF CHILD HEALTH,Academia,UCL Great Ormond Street Institute of Child Health
UCL INSTITUTE OF EDUCATION (IOE),Academia,UCL Institute of Education
UCL Institute of Education (IoE),Academia,UCL Institute of Education
ROYAL FREE & UNIVERSITY COLLEGE MEDICAL SCHOOL,Academia,UCL Medical School
Royal Free & University College Medical School,Academia,UCL Medical School
University College London (UCL),Academia,University College London
UNIVERSITY COLLEGE LONDON (UCL),Academia,University College London
University of Aberdeen,Academia,University of Aberdeen
UNIVERSITY OF ABERDEEN,Academia,University of Aberdeen
University of Birmingham,Academia,University of Birmingham
UNIVERSITY OF BIRMINGHAM,Academia,University of Birmingham
University of Bristol,Academia,University of Bristol
UNIVERSITY OF BRISTOL,Academia,University of Bristol
University of Cambridge,Academia,University of Cambridge
UNIVERSITY OF CAMBRIDGE,Academia,University of Cambridge
University of Dundee,Academia,University of Dundee
UNIVERSITY OF DUNDEE,Academia,University of Dundee
University of East Anglia,Academia,University of East Anglia
UNIVERSITY OF EAST ANGLIA,Academia,University of East Anglia
University of Edinburgh,Academia,University of Edinburgh
UNIVERSITY OF EDINBURGH,Academia,University of Edinburgh
UNIVERSITY OF ESSEX,Academia,University of Essex
UNIVERSITY OF EXETER,Academia,University of Exeter
University of Glasgow,Academia,University of Glasgow
University of Hull,Academia,University of Hull
UNIVERSITY OF HULL,Academia,University of Hull
University of Leeds,Academia,University of Leeds
UNIVERSITY OF LEEDS,Academia,University of Leeds
University of Leicester,Academia,University of Leicester
UNIVERSITY OF LEICESTER,Academia,University of Leicester
University of Liverpool,Academia,University of Liverpool
UNIVERSITY OF LIVERPOOL,Academia,University of Liverpool
UNIVERSITY OF LONDON (UOL),Academia,University of London
University of London (UoL),Academia,University of London
The University of Manchester,Academia,University of Manchester
THE UNIVERSITY OF MANCHESTER,Academia,University of Manchester
University of Northumbria at Newcastle,Academia,University of Northumbria
University of Nottingham,Academia,University of Nottingham
UNIVERSITY OF NOTTINGHAM,Academia,University of Nottingham
University of Oxford,Academia,University of Oxford
UNIVERSITY OF OXFORD,Academia,University of Oxford
"University of Oxford, Department of Paediatrics",Academia,University of Oxford
Plymouth University,Academia,University of Plymouth
University of Sheffield,Academia,University of Sheffield
UNIVERSITY OF SHEFFIELD,Academia,University of Sheffield
University of Southampton,Academia,University of Southampton
UNIVERSITY OF SOUTHAMPTON,Academia,University of Southampton
University of Surrey,Academia,University of Surrey
UNIVERSITY OF SURREY,Academia,University of Surrey
University of Warwick,Academia,University of Warwick
UNIVERSITY OF WARWICK,Academia,University of Warwick
University of York,Academia,University of York
UNIVERSITY OF YORK,Academia,University of York
Wolfson Institute of Preventive Medicine,Academia,Wolfson Institute of Preventive Medicine
WOLFSON INSTITUTE OF PREVENTIVE MEDICINE,Academia,Wolfson Institute of Preventive Medicine
BRITISH SOCIETY OF GASTROENTEROLOGY,Charity,British Society of Gastroenterology
British Thoracic Society,Charity,British Thoracic Society
CANCER RESEARCH UK,Charity,Cancer Research UK
Cancer Research UK,Charity,Cancer Research UK
Health Data Research UK,Charity,Health Data Research UK
Institute for Fiscal Studies,Charity,Institute for Fiscal Studies
THE INSTITUTE FOR FISCAL STUDIES (IFS),Charity,Institute for Fiscal Studies
The Institute for Fiscal Studies (IFS),Charity,Institute for Fiscal Studies
Institute of Cancer Research,Charity,Institute of Cancer Research
INSTITUTE OF CANCER RESEARCH,Charity,Institute of Cancer Research
INSTITUTE OF OCCUPATIONAL MEDICINE (IOM),Charity,Institute of Occupational Medicine
Institute of Occupational Medicine (IOM),Charity,Institute of Occupational Medicine
Intensive Care National Audit & Research Centre (ICNARC),Charity,Intensive Care National Audit & Research Centre
INTENSIVE CARE NATIONAL AUDIT & RESEARCH CENTRE (ICNARC),Charity,Intensive Care National Audit & Research Centre
National Centre For Social Research,Charity,NatCen Social Research
NATIONAL CENTRE FOR SOCIAL RESEARCH,Charity,NatCen Social Research
PICKER INSTITUTE EUROPE,Charity,Picker Institute Europe
Picker Institute Europe,Charity,Picker Institute Europe
Private Healthcare Information Network (PHIN),Charity,Private Healthcare Information Network
PRIVATE HEALTHCARE INFORMATION NETWORK (PHIN),Charity,Private Healthcare Information Network
Royal College of Anaesthetists,Charity,Royal College of Anaesthetists
ROYAL COLLEGE OF ANAESTHETISTS,Charity,Royal College of Anaesthetists
Royal College of Obstetricians and Gynaecologists (RCOG),Charity,Royal College of Obstetricians and Gynaecologists
ROYAL COLLEGE OF OBSTETRICIANS AND GYNAECOLOGISTS (RCOG),Charity,Royal College of Obstetricians and Gynaecologists
ROYAL COLLEGE OF PAEDIATRICS & CHILD HEALTH (RCPCH),Charity,Royal College of Paediatrics and Child Health
Royal College of Physicians of London,Charity,Royal College of Physicians
ROYAL COLLEGE OF PHYSICIANS OF LONDON,Charity,Royal College of Physicians
Royal College of Psychiatrists,Charity,Royal College of Psychiatrists
The Royal College of Surgeons of England,Charity,Royal College of Surgeons of England
THE ROYAL COLLEGE OF SURGEONS OF ENGLAND,Charity,Royal College of Surgeons of England
SAVING FACES,Charity,Saving Faces
Saving Faces,Charity,Saving Faces
Saving Faces - The Facial Surgery Research Foundation,Charity,Saving Faces
SAVING FACES - THE FACIAL SURGERY RESEARCH FOUNDATION,Charity,Saving Faces
Society of Endocrinology,Charity,Society of Endocrinology
SOCIETY OF ENDOCRINOLOGY,Charity,Society of Endocrinology
The Brain Tumour Charity,Charity,The Brain Tumour Charity
The Health Foundation,Charity,The Health Foundation
THE HEALTH FOUNDATION,Charity,The Health Foundation
The King's Fund,Charity,The King's Fund
THE KING'S FUND,Charity,The King's Fund
THE NUFFIELD TRUST,Charity,The Nuffield Trust
The Nuffield Trust For Research And Policy Studies In Health Services,Charity,The Nuffield Trust
THE NUFFIELD TRUST FOR RESEARCH AND POLICY STUDIES IN HEALTH SERVICES,Charity,The Nuffield Trust
UK Biobank,Charity,UK Biobank
UK BIOBANK,Charity,UK Biobank
2020 Delivery,Company,2020 Delivery
3M United Kingdom Plc,Company,3M
3M UNITED KINGDOM PLC,Company,3M
AstraZeneca AB,Company,AstraZeneca
BEYOND COMPLIANCE,Company,Beyond Compliance
CAPITA,Company,Capita
Capita,Company,Capita
CHKS Limited,Company,Capita
CHKS LIMITED,Company,Capita
Carnall Farrar Limited,Company,Carnall Farrar
CAUSE ACTION LTD,Company,Cause Action
Cegedim Rx Ltd,Company,Cegedim Healthcare Solutions
Civil Eyes Research Ltd,Company,Civil Eyes Research
CIVIL EYES RESEARCH LTD,Company,Civil Eyes Research
Compufile Systems Limited,Company,Compufile Systems
COMPUFILE SYSTEMS LIMITED,Company,Compufile Systems
CSL-UK (CompuFile System Limited),Company,Compufile Systems
CRAB Clinical Informatics,Company,Crab Clinical Informatics
CRAB CLINICAL INFORMATICS,Company,Crab Clinical Informatics
Device Access UK Ltd,Company,Device Access UK
DEVICE ACCESS UK LTD,Company,Device Access UK
DR. FOSTER,Company,Dr Foster Intelligence
Dr. Foster,Company,Dr Foster Intelligence
Dr. Foster Limited,Company,Dr Foster Intelligence
DR. FOSTER LIMITED,Company,Dr Foster Intelligence
ERNST AND YOUNG LLP,Company,Ernst & Young
EXPERIAN MARKETING SERVICES,Company,Experian Marketing Services
FTI Consulting,Company,FTI Consulting
Harvey Walsh Ltd,Company,Harvey Walsh
HARVEY WALSH LTD,Company,Harvey Walsh
Health IQ Ltd,Company,Health IQ
HEALTH IQ LTD,Company,Health IQ
i5 Health,Company,i5 Health
I5 HEALTH,Company,i5 Health
i5 Health Limited,Company,i5 Health
Ignite Data Limited,Company,Ignite Data
INFORMATICA SYSTEMS LTD,Company,Informatica Systems
Market and Opinion Research International Limited,Company,Ipsos Mori
IMS HEALTH LTD,Company,IQVIA
IQVIA Ltd,Company,IQVIA
IQVIA Solutions UK Limited,Company,IQVIA
IQVIA SOLUTIONS UK LIMITED,Company,IQVIA
KPMG LLP,Company,KPMG
LA-SER Europe Ltd,Company,La-ser Europe
Lightfoot Solutions UK Ltd,Company,Lightfoot Solutions
LIGHTFOOT SOLUTIONS UK LTD,Company,Lightfoot Solutions
MCKINSEY & COMPANY,Company,McKinsey & Company
McKinsey & Company,Company,McKinsey & Company
"McKinsey & Company, Inc. United Kingdom",Company,McKinsey & Company
MedeAnalytics International Limited,Company,MedeAnalytics
MEDEANALYTICS INTERNATIONAL LIMITED,Company,MedeAnalytics
BEACON CONSULTING,Company,Meditrends
Beacon Consulting,Company,Meditrends
Meditrends Ltd,Company,Meditrends
MEDITRENDS LTD,Company,Meditrends
Methods Analytics Ltd,Company,Methods Analytics
METHODS ANALYTICS LTD,Company,Methods Analytics
Neil Wilson Associates LLP,Company,Neil Wilson Associates
NEIL WILSON ASSOCIATES LLP,Company,Neil Wilson Associates
Northgate Public Services (UK) Limited,Company,Northgate Public Services
NORTHGATE PUBLIC SERVICES (UK) LIMITED,Company,Northgate Public Services
NorthWest EHealth Limited,Company,NorthWest EHealth
"Novavax, Inc.",Company,Novavax
Nuvia Ltd,Company,Nuvia
NUVIA LTD,Company,Nuvia
OLIVER WYMAN,Company,Oliver Wyman
OLIVER WYMAN LTD,Company,Oliver Wyman
Optum Health Solutions UK Limited,Company,Optum Health Solutions
OPTUM HEALTH SOLUTIONS UK LIMITED,Company,Optum Health Solutions
PATHWAY COMMUNICATIONS LTD,Company,Pathway Communications
PHARMERIT INTERNATIONAL,Company,Pharmerit
RAND Europe,Company,Rand Corporation
RAND EUROPE,Company,Rand Corporation
Rod Gibson Associates Ltd,Company,Rod Gibson Associates
ROD GIBSON ASSOCIATES LTD,Company,Rod Gibson Associates
Valneva Austria GmbH,Company,Valneva
NHIS,Company,Wilmington Healthcare
NHiS,Company,Wilmington Healthcare
Wilmington Healthcare,Company,Wilmington Healthcare
WILMINGTON HEALTHCARE,Company,Wilmington Healthcare
Care Quality Commission (CQC),Government,
CARE QUALITY COMMISSION (CQC),Government,
CHILDREN'S COMMISSIONER'S OFFICE,Government,
Clinical Practice Research Datalink (CPRD),Government,
COMPETITION & MARKETS AUTHORITY,Government,
Competition and Markets Authority,Government,
COMPETITION AND MARKETS AUTHORITY,Government,
DEPARTMENT FOR TRANSPORT,Government,
DEPARTMENT OF HEALTH (DH),Government,
Department of Health (DH),Government,
Department of Health and Social Care,Government,
Genomics England,Government,
GENOMICS ENGLAND,Government,
HEALTH & SAFETY LABORATORY (HSL),Government,
Health and Safety Executive,Government,
HEALTH AND SAFETY EXECUTIVE,Government,
HMRC,Government,
Isle of Man Department of Health & Social Care,Government,
Medicines and Healthcare Products Regulatory Agency (MHRA),Government,
MEDICINES AND HEALTHCARE PRODUCTS REGULATORY AGENCY (MHRA),Government,
Met Office,Government,
MINISTRY OF DEFENCE (MOD),Government,
Ministry of Defence (MoD),Government,
National Audit Office,Government,
NATIONAL AUDIT OFFICE,Government,
National Institute for Health and Care Excellence (NICE),Government,
NATIONAL INSTITUTE FOR HEALTH AND CARE EXCELLENCE (NICE),Government,
National Institute for Health Research,Government,
National Institute for Health Research (NIHR) Bioresource,Government,
NICE,Government,
Office for National Statistics,Government,
Office for National Statistics (ONS),Government,
OFFICE FOR NATIONAL STATISTICS (ONS),Government,
Public Health England (PHE),Government,
PUBLIC HEALTH ENGLAND (PHE),Government,
BARNSLEY METROPOLITAN BOROUGH COUNCIL,Local authority,
Barnsley Metropolitan Borough Council,Local authority,
BATH AND NORTH EAST SOMERSET COUNCIL,Local authority,
Bath and North East Somerset Council,Local authority,
BIRMINGHAM CITY COUNCIL,Local authority,
Birmingham City Council,Local authority,
BLACKBURN WITH DARWEN BOROUGH COUNCIL,Local authority,
Blackburn with Darwen Borough Council,Local authority,
BLACKPOOL BOROUGH COUNCIL,Local authority,
Blackpool Borough Council,Local authority,
BOLTON METROPOLITAN BOROUGH COUNCIL,Local authority,
Bolton Metropolitan Borough Council,Local authority,
Bracknell Forest Borough Council,Local authority,
BRACKNELL FOREST BOROUGH COUNCIL,Local authority,
BRACKNELL FOREST COUNCIL,Local authority,
Bradford City Metropolitan District Council,Local authority,
BRADFORD METROPOLITAN DISTRICT COUNCIL,Local authority,
BRIGHTON & HOVE CITY COUNCIL,Local authority,
Brighton & Hove City Council,Local authority,
BRIGHTON AND HOVE CITY COUNCIL,Local authority,
Brighton and Hove City Council,Local authority,
BRISTOL CITY COUNCIL,Local authority,
Bristol City Council,Local authority,
BUCKINGHAMSHIRE COUNCIL,Local authority,
Buckinghamshire Council,Local authority,
Buckinghamshire County Council,Local authority,
BUCKINGHAMSHIRE COUNTY COUNCIL,Local authority,
BURY METROPOLITAN BOROUGH COUNCIL,Local authority,
Bury Metropolitan Borough Council,Local authority,
CALDERDALE COUNCIL,Local authority,
Calderdale Council,Local authority,
CALDERDALE METROPOLITAN BOROUGH COUNCIL,Local authority,
Calderdale Metropolitan Borough Council,Local authority,
CAMBRIDGESHIRE COUNTY COUNCIL,Local authority,
Cambridgeshire County Council,Local authority,
CHESHIRE EAST BOROUGH COUNCIL,Local authority,
CHESHIRE EAST COUNCIL,Local authority,
Cheshire East Council,Local authority,
CHESHIRE WEST AND CHESTER COUNCIL,Local authority,
Cheshire West and Chester Council,Local authority,
CITY OF BRADFORD METROPOLITAN DISTRICT COUNCIL,Local authority,
City of Bradford Metropolitan District Council,Local authority,
CITY OF WESTMINSTER,Local authority,
CITY OF WOLVERHAMPTON COUNCIL,Local authority,
CITY OF YORK COUNCIL,Local authority,
CORNWALL COUNCIL,Local authority,
Cornwall Council,Local authority,
COVENTRY CITY COUNCIL,Local authority,
Coventry City Council,Local authority,
CUMBRIA COUNTY COUNCIL,Local authority,
Cumbria County Council,Local authority,
DERBY CITY COUNCIL,Local authority,
Derby City Council,Local authority,
DERBYSHIRE COUNTY COUNCIL,Local authority,
Derbyshire County Council,Local authority,
DEVON COUNTY COUNCIL,Local authority,
Devon County Council,Local authority,
Doncaster Council,Local authority,
DONCASTER COUNCIL,Local authority,
DONCASTER METROPOLITAN BOROUGH COUNCIL,Local authority,
DORSET COUNCIL,Local authority,
Dorset Council,Local authority,
Dorset County Council,Local authority,
DORSET COUNTY COUNCIL,Local authority,
DUDLEY METROPOLITAN BOROUGH COUNCIL,Local authority,
Dudley Metropolitan Borough Council,Local authority,
DURHAM COUNTY COUNCIL,Local authority,
Durham County Council,Local authority,
EAST RIDING OF YORKSHIRE COUNCIL,Local authority,
East Riding of Yorkshire Council,Local authority,
EAST SUSSEX COUNTY COUNCIL,Local authority,
East Sussex County Council,Local authority,
ESSEX COUNTY COUNCIL,Local authority,
Essex County Council,Local authority,
GATESHEAD COUNCIL,Local authority,
Gateshead Council,Local authority,
GATESHEAD METROPOLITAN BOROUGH COUNCIL,Local authority,
Gateshead Metropolitan Borough Council,Local authority,
GLOUCESTERSHIRE COUNTY COUNCIL,Local authority,
Gloucestershire County Council,Local authority,
HACKNEY COUNCIL,Local authority,
Hackney Council,Local authority,
HALTON BOROUGH COUNCIL,Local authority,
Halton Borough Council,Local authority,
Halton Borough Council (Unitary),Local authority,
HALTON BOROUGH COUNCIL (UNITARY),Local authority,
HAMPSHIRE COUNTY COUNCIL,Local authority,
Hampshire County Council,Local authority,
HARROW COUNCIL,Local authority,
HARTLEPOOL BOROUGH COUNCIL,Local authority,
Hartlepool Borough Council,Local authority,
HAVERING LONDON BOROUGH COUNCIL,Local authority,
Havering London Borough Council,Local authority,
HEREFORDSHIRE COUNCIL,Local authority,
Herefordshire Council,Local authority,
HERTFORDSHIRE COUNTY COUNCIL,Local authority,
Hertfordshire County Council,Local authority,
HULL CITY COUNCIL,Local authority,
Hull City Council,Local authority,
ISLE OF WIGHT COUNCIL,Local authority,
Isle of Wight Council,Local authority,
ISLINGTON COUNCIL,Local authority,
KENT COUNTY COUNCIL,Local authority,
Kent County Council,Local authority,
KIRKLEES COUNCIL,Local authority,
Kirklees Council,Local authority,
Kirklees Metropolitan Council,Local authority,
KIRKLEES METROPOLITAN COUNCIL,Local authority,
KNOWSLEY METROPOLITAN BOROUGH COUNCIL,Local authority,
Knowsley Metropolitan Borough Council,Local authority,
LAMBETH LONDON BOROUGH COUNCIL,Local authority,
LANCASHIRE COUNTY COUNCIL,Local authority,
Lancashire County Council,Local authority,
LEEDS CITY COUNCIL,Local authority,
Leeds City Council,Local authority,
LEICESTER CITY COUNCIL,Local authority,
Leicester City Council,Local authority,
LEICESTERSHIRE COUNTY COUNCIL,Local authority,
Leicestershire County Council,Local authority,
LINCOLNSHIRE COUNTY COUNCIL,Local authority,
Lincolnshire County Council,Local authority,
LIVERPOOL CITY COUNCIL,Local authority,
Liverpool City Council,Local authority,
LOCAL AUTHORITIES: DATA HAS BEEN MADE AVAILABLE TO THE PUBLIC HEALTH SECTIONS OF 91 COUNCILS,Local authority,
Local Authorities: data has been made available to the Public Health sections of 91 Councils,Local authority,
LONDON BOROUGH OF BARKING AND DAGENHAM,Local authority,
London Borough of Barking and Dagenham,Local authority,
LONDON BOROUGH OF BARNET,Local authority,
London Borough of Barnet,Local authority,
London Borough of Barnet Council,Local authority,
LONDON BOROUGH OF BEXLEY,Local authority,
London Borough of Bexley,Local authority,
London Borough of Bexley Council,Local authority,
LONDON BOROUGH OF BROMLEY,Local authority,
London Borough Of Bromley,Local authority,
LONDON BOROUGH OF CROYDON,Local authority,
London Borough of Croydon,Local authority,
LONDON BOROUGH OF EALING,Local authority,
London Borough of Ealing,Local authority,
LONDON BOROUGH OF ENFIELD,Local authority,
London Borough of Enfield,Local authority,
London Borough of Greenwich,Local authority,
LONDON BOROUGH OF GREENWICH,Local authority,
LONDON BOROUGH OF HACKNEY,Local authority,
London Borough of Hackney,Local authority,
LONDON BOROUGH OF HARINGEY,Local authority,
London Borough of Haringey,Local authority,
LONDON BOROUGH OF HARROW,Local authority,
London Borough of Harrow,Local authority,
LONDON BOROUGH OF HAVERING,Local authority,
London Borough of Havering,Local authority,
LONDON BOROUGH OF HILLINGDON,Local authority,
London Borough of Hillingdon,Local authority,
LONDON BOROUGH OF HOUNSLOW,Local authority,
London Borough of Hounslow,Local authority,
LONDON BOROUGH OF ISLINGTON,Local authority,
London Borough of Islington,Local authority,
LONDON BOROUGH OF LAMBETH,Local authority,
London Borough of Lambeth Council,Local authority,
LONDON BOROUGH OF LAMBETH COUNCIL,Local authority,
LONDON BOROUGH OF LEWISHAM,Local authority,
London Borough of Lewisham Council,Local authority,
LONDON BOROUGH OF LEWISHAM COUNCIL,Local authority,
LONDON BOROUGH OF MERTON,Local authority,
London Borough of Merton Council,Local authority,
LONDON BOROUGH OF MERTON COUNCIL,Local authority,
LONDON BOROUGH OF NEWHAM,Local authority,
London Borough of Newham Council,Local authority,
LONDON BOROUGH OF NEWHAM COUNCIL,Local authority,
LONDON BOROUGH OF REDBRIDGE,Local authority,
London Borough of Redbridge Council,Local authority,
LONDON BOROUGH OF REDBRIDGE COUNCIL,Local authority,
LONDON BOROUGH OF RICHMOND UPON THAMES,Local authority,
London Borough of Richmond Upon Thames Council,Local authority,
LONDON BOROUGH OF RICHMOND UPON THAMES COUNCIL,Local authority,
LONDON BOROUGH OF SOUTHWARK,Local authority,
London Borough of Southwark Council,Local authority,
LONDON BOROUGH OF SOUTHWARK COUNCIL,Local authority,
LONDON BOROUGH OF SUTTON,Local authority,
London Borough of Sutton Council,Local authority,
LONDON BOROUGH OF SUTTON COUNCIL,Local authority,
LONDON BOROUGH OF TOWER HAMLETS,Local authority,
London Borough of Tower Hamlets Council,Local authority,
LONDON BOROUGH OF TOWER HAMLETS COUNCIL,Local authority,
LONDON BOROUGH OF WALTHAM FOREST,Local authority,
London Borough of Waltham Forest Council,Local authority,
LONDON BOROUGH OF WALTHAM FOREST COUNCIL,Local authority,
LONDON BOROUGH OF WANDSWORTH,Local authority,
LUTON BOROUGH COUNCIL,Local authority,
Luton Borough Council,Local authority,
MANCHESTER CITY COUNCIL,Local authority,
Manchester City Council,Local authority,
MEDWAY COUNCIL,Local authority,
Medway Council,Local authority,
NEWCASTLE CITY COUNCIL,Local authority,
Newcastle City Council,Local authority,
Newcastle Upon Tyne City Council,Local authority,
NEWCASTLE UPON TYNE CITY COUNCIL,Local authority,
NORFOLK COUNTY COUNCIL,Local authority,
Norfolk County Council,Local authority,
NORTH EAST LINCOLNSHIRE COUNCIL,Local authority,
North East Lincolnshire Council,Local authority,
NORTH LINCOLNSHIRE COUNCIL,Local authority,
North Lincolnshire Council,Local authority,
North Northamptonshire Council,Local authority,
NORTH TYNESIDE COUNCIL,Local authority,
North Tyneside Council,Local authority,
NORTH YORKSHIRE COUNTY COUNCIL,Local authority,
North Yorkshire County Council,Local authority,
NORTHAMPTONSHIRE COUNTY COUNCIL,Local authority,
Northamptonshire County Council,Local authority,
NORTHUMBERLAND COUNTY COUNCIL,Local authority,
Northumberland County Council,Local authority,
NOTTINGHAM CITY COUNCIL,Local authority,
Nottingham City Council,Local authority,
NOTTINGHAM CITY COUNCIL (UNITARY),Local authority,
NOTTINGHAMSHIRE COUNTY COUNCIL,Local authority,
Nottinghamshire County Council,Local authority,
OLDHAM METROPOLITAN BOROUGH COUNCIL,Local authority,
Oldham Metropolitan Borough Council,Local authority,
OXFORDSHIRE COUNTY COUNCIL,Local authority,
Oxfordshire County Council,Local authority,
PETERBOROUGH CITY COUNCIL,Local authority,
Peterborough City Council,Local authority,
PLYMOUTH CITY COUNCIL,Local authority,
Plymouth City Council,Local authority,
PORTSMOUTH CITY COUNCIL,Local authority,
Portsmouth City Council,Local authority,
Redcar & Cleveland Borough Council,Local authority,
REDCAR & CLEVELAND COUNCIL (UNITARY),Local authority,
Redcar & Cleveland Council (Unitary),Local authority,
REDCAR AND CLEVELAND BOROUGH COUNCIL,Local authority,
Redcar and Cleveland Borough Council,Local authority,
ROCHDALE METROPOLITAN BOROUGH COUNCIL,Local authority,
Rochdale Metropolitan Borough Council,Local authority,
ROYAL BOROUGH OF GREENWICH,Local authority,
Royal Borough of Greenwich,Local authority,
ROYAL BOROUGH OF KINGSTON UPON THAMES,Local authority,
Royal Borough of Kingston-Upon-Thames,Local authority,
Royal Borough of Kingston-Upon-Thames Council,Local authority,
ROYAL BOROUGH OF KINGSTON-UPON-THAMES COUNCIL,Local authority,
SALFORD CITY COUNCIL,Local authority,
Salford City Council,Local authority,
SANDWELL METROPOLITAN BOROUGH COUNCIL,Local authority,
Sandwell Metropolitan Borough Council,Local authority,
Sefton Council,Local authority,
SEFTON COUNCIL,Local authority,
SEFTON METROPOLITAN BOROUGH COUNCIL,Local authority,
Sefton Metropolitan Borough Council,Local authority,
SHEFFIELD CITY COUNCIL,Local authority,
Sheffield City Council,Local authority,
SOLIHULL METROPOLITAN BOROUGH COUNCIL,Local authority,
Solihull Metropolitan Borough Council,Local authority,
SOMERSET COUNTY COUNCIL,Local authority,
Somerset County Council,Local authority,
SOUTH GLOUCESTERSHIRE COUNCIL,Local authority,
South Gloucestershire Council,Local authority,
SOUTH TYNESIDE COUNCIL,Local authority,
South Tyneside Metropolitan Borough Council,Local authority,
SOUTH TYNESIDE METROPOLITAN BOROUGH COUNCIL,Local authority,
SOUTHAMPTON CITY COUNCIL,Local authority,
Southampton City Council,Local authority,
Southend on Sea Borough Council,Local authority,
SOUTHEND ON SEA BOROUGH COUNCIL,Local authority,
SOUTHEND-ON-SEA BOROUGH COUNCIL,Local authority,
SOUTHEND-ON-SEA BOROUGH COUNCIL (UNITARY),Local authority,
Southend-on-Sea Borough Council (Unitary),Local authority,
ST HELENS COUNCIL,Local authority,
St Helens Metropolitan Borough Council,Local authority,
ST HELENS METROPOLITAN BOROUGH COUNCIL,Local authority,
STAFFORDSHIRE COUNTY COUNCIL,Local authority,
Staffordshire County Council,Local authority,
STOCKPORT METROPOLITAN BOROUGH COUNCIL,Local authority,
Stockport Metropolitan Borough Council,Local authority,
Stoke on Trent City Council,Local authority,
STOKE-ON-TRENT CITY COUNCIL,Local authority,
SUFFOLK COUNTY COUNCIL,Local authority,
Suffolk County Council,Local authority,
SUNDERLAND CITY COUNCIL,Local authority,
Sunderland City Council,Local authority,
SURREY COUNTY COUNCIL,Local authority,
Surrey County Council,Local authority,
TAMESIDE METROPOLITAN BOROUGH COUNCIL,Local authority,
Tameside Metropolitan Borough Council,Local authority,
TELFORD AND WREKIN COUNCIL,Local authority,
Telford and Wrekin Council,Local authority,
Telford and Wrekin Council (Unitary),Local authority,
TELFORD AND WREKIN COUNCIL (UNITARY),Local authority,
THURROCK COUNCIL,Local authority,
Thurrock Council,Local authority,
TORBAY COUNCIL,Local authority,
Torbay Council,Local authority,
TRAFFORD COUNCIL,Local authority,
TRAFFORD METROPOLITAN BOROUGH COUNCIL,Local authority,
Trafford Metropolitan Borough Council,Local authority,
Wakefield Council,Local authority,
WAKEFIELD COUNCIL,Local authority,
WAKEFIELD METROPOLITAN DISTRICT COUNCIL,Local authority,
WALSALL METROPOLITAN BOROUGH COUNCIL,Local authority,
Walsall Metropolitan Borough Council,Local authority,
WARRINGTON BOROUGH COUNCIL,Local authority,
Warrington Borough Council,Local authority,
Warrington Borough Council (Unitary),Local authority,
WARRINGTON BOROUGH COUNCIL (UNITARY),Local authority,
WARWICKSHIRE COUNTY COUNCIL,Local authority,
Warwickshire County Council,Local authority,
WEST SUSSEX COUNTY COUNCIL,Local authority,
West Sussex County Council,Local authority,
Westminster City Council,Local authority,
WESTMINSTER CITY COUNCIL,Local authority,
WIGAN METROPOLITAN BOROUGH COUNCIL,Local authority,
Wigan Metropolitan Borough Council,Local authority,
WILTSHIRE COUNCIL,Local authority,
Wiltshire Council,Local authority,
WIRRAL BOROUGH COUNCIL,Local authority,
Wirral Metropolitan Borough Council,Local authority,
WIRRAL METROPOLITAN BOROUGH COUNCIL,Local authority,
Wolverhampton City Council,Local authority,
WOLVERHAMPTON CITY COUNCIL,Local authority,
WORCESTERSHIRE COUNTY COUNCIL,Local authority,
Worcestershire County Council,Local authority,
York City Council,Local authority,
YORK CITY COUNCIL,Local authority,
ADDENBROOKE'S HOSPITAL,NHS,
Addenbrooke's Hospital,NHS,
BARTS HEALTH NHS TRUST,NHS,
Barts Health NHS Trust,NHS,
BIRMINGHAM CHILDREN'S HOSPITAL NHS FOUNDATION TRUST,NHS,
Birmingham Children’s Hospital,NHS,
BIRMINGHAM WOMEN'S AND CHILDREN'S NHS FOUNDATION TRUST,NHS,
Birmingham Women's and Children's NHS Foundation Trust,NHS,
BRADFORD TEACHING HOSPITALS NHS FOUNDATION TRUST,NHS,
BREAST TEST WALES,NHS,
Breast Test Wales,NHS,
CAMBRIDGE UNIVERSITY HOSPITALS NHS FOUNDATION TRUST,NHS,
Cambridge University Hospitals NHS Foundation Trust,NHS,
Cambridgeshire and Peterborough NHS Foundation Trust,NHS,
"Cedar, Cardiff and Vale UHB",NHS,
CENTRAL MANCHESTER UNIVERSITY HOSPITALS NHS FOUNDATION TRUST,NHS,
Central Southern Commissioning Support Unit,NHS,
CHELSEA AND WESTMINSTER HOSPITAL NHS FOUNDATION TRUST,NHS,
Cheshire and Merseyside Cancer Alliance,NHS,
"CSUS, CCGS",NHS,
"CSUs, CCGs",NHS,
"CUMBRIA, NORTHUMBERLAND, TYNE AND WEAR NHS FOUNDATION TRUST",NHS,
"Cumbria, Northumberland, Tyne and Wear NHS Foundation Trust",NHS,
DERBY TEACHING HOSPITALS NHS FOUNDATION TRUST,NHS,
DERBYSHIRE HEALTH NHS FOUNDATION TRUST,NHS,
Derbyshire Health NHS Foundation Trust,NHS,
DERBYSHIRE HEALTHCARE NHS FOUNDATION TRUST,NHS,
Derbyshire Healthcare NHS Foundation Trust,NHS,
East of England - North Cancer Alliance,NHS,
GATESHEAD HEALTH NHS FOUNDATION TRUST,NHS,
Gateshead Health NHS Foundation Trust,NHS,
Gloucestershire Hospitals NHS Foundation Trust,NHS,
GLOUCESTERSHIRE HOSPITALS NHS FOUNDATION TRUST,NHS,
Great Ormond Street Hospital for Children NHS Foundation Trust,NHS,
Greater Manchester Cancer Alliance,NHS,
GSTT @ ROYAL BROMPTON HOSPITAL,NHS,
Guy's and St Thomas' NHS Foundation Trust,NHS,
GUY'S AND ST THOMAS' NHS FOUNDATION TRUST,NHS,
Health & Social Care Information Centre,NHS,
HEALTH & SOCIAL CARE INFORMATION CENTRE,NHS,
Health Education East Midlands,NHS,
Health Innovation Network - South London,NHS,
HULL AND EAST YORKSHIRE HOSPITALS NHS TRUST,NHS,
Kent and Medway Cancer Alliance,NHS,
King's College Hospital NHS Foundation Trust,NHS,
KING'S COLLEGE HOSPITAL NHS FOUNDATION TRUST,NHS,
Kingston Hospital NHS Foundation Trust,NHS,
KINGSTON HOSPITAL NHS FOUNDATION TRUST,NHS,
Kingston Hospital NHS Trust,NHS,
Lancashire & South Cumbria Cancer Alliance,NHS,
LANCASHIRE CARE NHS FOUNDATION TRUST,NHS,
LEEDS TEACHING HOSPITALS NHS TRUST,NHS,
Leeds Teaching Hospitals NHS Trust,NHS,
Liverpool Heart and Chest Hospital NHS Foundation Trust,NHS,
Liverpool University Hospitals NHS Foundation Trust,NHS,
London Ambulance Service NHS Trust,NHS,
LONDON NORTH WEST HEALTHCARE NHS TRUST,NHS,
London North West Healthcare NHS Trust,NHS,
London North West University Healthcare NHS Trust,NHS,
LONDON NORTH WEST UNIVERSITY HEALTHCARE NHS TRUST,NHS,
MANCHESTER UNIVERSITY NHS FOUNDATION TRUST,NHS,
Manchester University NHS Foundation Trust,NHS,
Monitor,NHS,
MONITOR,NHS,
Moorfields Eye Hospital NHS Foundation Trust,NHS,
National Institute for Cardiovascular Outcomes Research,NHS,
NATIONAL INSTITUTE FOR CARDIOVASCULAR OUTCOMES RESEARCH,NHS,
Newcastle upon Tyne Hospitals NHS Foundation Trust,NHS,
"NHS Airedale, Wharfedale and Craven CCG",NHS,
"NHS AIREDALE, WHARFEDALE AND CRAVEN CCG",NHS,
NHS Arden and Greater East Midlands Commissioning Support Unit,NHS,
NHS Ashford CCG,NHS,
NHS ASHFORD CCG,NHS,
NHS AYLESBURY CCG,NHS,
NHS AYLESBURY VALE CCG,NHS,
NHS BARKING AND DAGENHAM CCG,NHS,
NHS Barking and Dagenham CCG,NHS,
NHS Barnet CCG,NHS,
NHS BARNET CCG,NHS,
NHS BARNSLEY CCG,NHS,
NHS Barnsley CCG,NHS,
NHS BASILDON AND BRENTWOOD CCG,NHS,
NHS Basildon and Brentwood CCG,NHS,
NHS BASSETLAW CCG,NHS,
NHS Bassetlaw CCG,NHS,
NHS Bath and North East Somerset CCG,NHS,
NHS BATH AND NORTH EAST SOMERSET CCG,NHS,
"NHS BATH AND NORTH EAST SOMERSET, SWINDON AND WILTSHIRE CCG",NHS,
"NHS Bath and North East Somerset, Swindon and Wiltshire CCG",NHS,
NHS Bedfordshire CCG,NHS,
NHS BEDFORDSHIRE CCG,NHS,
"NHS Bedfordshire, Luton and Milton Keynes CCG",NHS,
NHS BERKSHIRE WEST CCG,NHS,
NHS Berkshire West CCG,NHS,
NHS Bexley CCG,NHS,
NHS BEXLEY CCG,NHS,
NHS BIRMINGHAM AND SOLIHULL CCG,NHS,
NHS Birmingham and Solihull CCG,NHS,
NHS Birmingham and Solihull Clinical Commissioning Group,NHS,
NHS BIRMINGHAM CROSS CITY CCG,NHS,
NHS BIRMINGHAM CROSSCITY CCG,NHS,
NHS BIRMINGHAM SOUTH AND CENTRAL CCG,NHS,
NHS Black Country and West Birmingham CCG,NHS,
NHS BLACKBURN WITH DARWEN CCG,NHS,
NHS Blackburn with Darwen CCG,NHS,
NHS BLACKPOOL CCG,NHS,
NHS Blackpool CCG,NHS,
NHS BLOOD AND TRANSPLANT (NHSBT),NHS,
NHS Blood and Transplant (NHSBT),NHS,
NHS BOLTON CCG,NHS,
NHS Bolton CCG,NHS,
NHS BRACKNELL AND ASCOT CCG,NHS,
NHS BRACKNELL  AND  ASCOT CCG,NHS,
NHS Bradford City CCG,NHS,
NHS BRADFORD CITY CCG,NHS,
NHS BRADFORD DISTRICT AND CRAVEN CCG,NHS,
NHS Bradford District and Craven CCG,NHS,
NHS Bradford Districts CCG,NHS,
NHS BRADFORD DISTRICTS CCG,NHS,
NHS Brent CCG,NHS,
NHS BRENT CCG,NHS,
NHS BRIGHTON AND HOVE CCG,NHS,
NHS Brighton and Hove CCG,NHS,
NHS BRISTOL CCG,NHS,
"NHS BRISTOL, NORTH SOMERSET AND SOUTH GLOUCESTERSHIRE CCG",NHS,
"NHS Bristol, North Somerset and South Gloucestershire CCG",NHS,
NHS Bromley CCG,NHS,
NHS BROMLEY CCG,NHS,
NHS BUCKINGHAMSHIRE CCG,NHS,
NHS Buckinghamshire CCG,NHS,
NHS BURY CCG,NHS,
NHS Bury CCG,NHS,
NHS CALDERDALE CCG,NHS,
NHS Calderdale CCG,NHS,
NHS CAMBRIDGE AND PETERBOROUGH CCG,NHS,
NHS CAMBRIDGESHIRE AND PETERBOROUGH CCG,NHS,
NHS Cambridgeshire and Peterborough CCG,NHS,
NHS Camden CCG,NHS,
NHS CAMDEN CCG,NHS,
NHS CANNOCK CHASE CCG,NHS,
NHS Cannock Chase CCG,NHS,
NHS Canterbury and Coastal CCG,NHS,
NHS CANTERBURY AND COASTAL CCG,NHS,
NHS CASTLE POINT AND ROCHFORD CCG,NHS,
NHS Castle Point and Rochford CCG,NHS,
NHS CASTLEPOINT AND ROCHFORD CCG,NHS,
NHS Central London (Westminster) CCG,NHS,
NHS CENTRAL LONDON (WESTMINSTER) CCG,NHS,
NHS Central London CCG,NHS,
NHS CENTRAL MANCHESTER CCG,NHS,
NHS CENTRAL MIDLANDS COMMISSIONING SUPPORT UNIT,NHS,
NHS Central Register Scotland,NHS,
NHS CHESHIRE CCG,NHS,
NHS Cheshire CCG,NHS,
NHS CHILTERN CCG,NHS,
NHS CHORLEY AND SOUTH RIBBLE CCG,NHS,
NHS Chorley and South Ribble CCG,NHS,
NHS CITY & HACKNEY CCG,NHS,
NHS City and Hackney CCG,NHS,
NHS CITY AND HACKNEY CCG,NHS,
NHS Coastal West Sussex CCG,NHS,
NHS COASTAL WEST SUSSEX CCG,NHS,
NHS Corby CCG,NHS,
NHS CORBY CCG,NHS,
NHS COUNTY DURHAM CCG,NHS,
NHS County Durham CCG,NHS,
NHS Coventry and Rugby CCG,NHS,
NHS COVENTRY AND RUGBY CCG,NHS,
NHS Coventry and Warwickshire CCG,NHS,
NHS Crawley CCG,NHS,
NHS CRAWLEY CCG,NHS,
NHS Croydon CCG,NHS,
NHS CROYDON CCG,NHS,
NHS CUMBRIA CCG,NHS,
NHS Darlington CCG,NHS,
NHS DARLINGTON CCG,NHS,
"NHS Dartford, Gravesham and Swanley CCG",NHS,
"NHS DARTFORD, GRAVESHAM AND SWANLEY CCG",NHS,
NHS DERBY AND DERBYSHIRE CCG,NHS,
NHS Derby and Derbyshire CCG,NHS,
NHS DEVON CCG,NHS,
NHS Devon CCG,NHS,
NHS DONCASTER CCG,NHS,
NHS Doncaster CCG,NHS,
NHS DORSET CCG,NHS,
NHS Dorset CCG,NHS,
NHS Dudley CCG,NHS,
NHS DUDLEY CCG,NHS,
"NHS DURHAM DALES, EASINGTON & SEDGEFIELD CCG",NHS,
"NHS Durham Dales, Easington and Sedgefield CCG",NHS,
"NHS DURHAM DALES, EASINGTON AND SEDGEFIELD CCG",NHS,
NHS EALING CCG,NHS,
NHS Ealing CCG,NHS,
NHS EAST AND NORTH HERTFORDSHIRE CCG,NHS,
NHS East and North Hertfordshire CCG,NHS,
NHS East Berkshire CCG,NHS,
NHS EAST BERKSHIRE CCG,NHS,
NHS EAST LANCASHIRE CCG,NHS,
NHS East Lancashire CCG,NHS,
NHS EAST LEICESTERSHIRE AND RUTLAND CCG,NHS,
NHS East Leicestershire and Rutland CCG,NHS,
NHS EAST RIDING OF YORKSHIRE CCG,NHS,
NHS East Riding of Yorkshire CCG,NHS,
NHS EAST STAFFORDSHIRE CCG,NHS,
NHS East Staffordshire CCG,NHS,
NHS East Surrey CCG,NHS,
NHS EAST SURREY CCG,NHS,
NHS EAST SUSSEX CCG,NHS,
"NHS EASTBOURNE, HAILSHAM & SEAFORD CCG",NHS,
"NHS Eastbourne, Hailsham and Seaford CCG",NHS,
"NHS EASTBOURNE, HAILSHAM AND SEAFORD CCG",NHS,
NHS Eastern Cheshire CCG,NHS,
NHS EASTERN CHESHIRE CCG,NHS,
NHS Enfield CCG,NHS,
NHS ENFIELD CCG,NHS,
NHS ENGLAND,NHS,
NHS England,NHS,
NHS England (Quarry House),NHS,
NHS ENGLAND (QUARRY HOUSE),NHS,
NHS England (Skipton House),NHS,
NHS ENGLAND (TEMPORARY NATIONAL REPOSITORY),NHS,
NHS ENGLAND DIRECT COMMISSIONING,NHS,
NHS England Direct Commissioning,NHS,
NHS England Midlands and East,NHS,
NHS England North (Cumbria and North East),NHS,
NHS Erewash CCG,NHS,
NHS EREWASH CCG,NHS,
NHS Fareham and Gosport CCG,NHS,
NHS FAREHAM AND GOSPORT CCG,NHS,
NHS Frimley CCG,NHS,
NHS FYLDE & WYRE CCG,NHS,
NHS FYLDE AND WYRE CCG,NHS,
NHS Fylde and Wyre CCG,NHS,
NHS GLOUCESTERSHIRE CCG,NHS,
NHS Gloucestershire CCG,NHS,
NHS Great Yarmouth and Waveney CCG,NHS,
NHS GREAT YARMOUTH AND WAVENEY CCG,NHS,
NHS Greater Huddersfield CCG,NHS,
NHS GREATER HUDDERSFIELD CCG,NHS,
NHS GREATER PRESTON CCG,NHS,
NHS Greater Preston CCG,NHS,
NHS Greenwich CCG,NHS,
NHS GREENWICH CCG,NHS,
NHS Guildford and Waverley CCG,NHS,
NHS GUILDFORD AND WAVERLEY CCG,NHS,
NHS HALTON CCG,NHS,
NHS Halton CCG,NHS,
"NHS Hambleton, Richmond and Whitby CCG",NHS,
"NHS Hambleton, Richmondshire and Whitby CCG",NHS,
"NHS HAMBLETON, RICHMONDSHIRE AND WHITBY CCG",NHS,
NHS Hammersmith and Fulham CCG,NHS,
NHS HAMMERSMITH AND FULHAM CCG,NHS,
"NHS Hampshire, Southampton and Isle of Wight CCG",NHS,
NHS Hardwick CCG,NHS,
NHS HARDWICK CCG,NHS,
NHS Haringey CCG,NHS,
NHS HARINGEY CCG,NHS,
NHS Harrogate and Rural District CCG,NHS,
NHS HARROGATE AND RURAL DISTRICT CCG,NHS,
NHS Harrow CCG,NHS,
NHS HARROW CCG,NHS,
NHS Hartlepool and Stockton-on-Tees CCG,NHS,
NHS HARTLEPOOL AND STOCKTON-ON-TEES CCG,NHS,
NHS Hastings and Rother CCG,NHS,
NHS HASTINGS AND ROTHER CCG,NHS,
NHS Havering CCG,NHS,
NHS HAVERING CCG,NHS,
NHS HEREFORDSHIRE AND WORCESTERSHIRE CCG,NHS,
NHS Herefordshire CCG,NHS,
NHS HEREFORDSHIRE CCG,NHS,
NHS HERTS VALLEY CCG,NHS,
NHS HERTS VALLEYS CCG,NHS,
NHS Herts Valleys CCG,NHS,
"NHS HEYWOOD, MIDDLETON AND ROCHDALE CCG",NHS,
"NHS Heywood, Middleton and Rochdale CCG",NHS,
NHS High Weald Lewes Havens CCG,NHS,
NHS HIGH WEALD LEWES HAVENS CCG,NHS,
NHS Hillingdon CCG,NHS,
NHS HILLINGDON CCG,NHS,
NHS Horsham and Mid Sussex CCG,NHS,
NHS HORSHAM AND MID SUSSEX CCG,NHS,
NHS Hounslow CCG,NHS,
NHS HOUNSLOW CCG,NHS,
NHS HULL CCG,NHS,
NHS Hull CCG,NHS,
NHS Improvement,NHS,
NHS Improving Quality,NHS,
NHS IPSWICH AND EAST SUFFOLK CCG,NHS,
NHS Ipswich and East Suffolk CCG,NHS,
NHS Isle of Wight CCG,NHS,
NHS ISLE OF WIGHT CCG,NHS,
NHS Islington CCG,NHS,
NHS ISLINGTON CCG,NHS,
NHS KENT AND MEDWAY CCG,NHS,
NHS KERNOW CCG,NHS,
NHS Kernow CCG,NHS,
NHS Kingston CCG,NHS,
NHS KINGSTON CCG,NHS,
NHS Kirklees CCG,NHS,
NHS KNOWSLEY CCG,NHS,
NHS Knowsley CCG,NHS,
NHS Lambeth CCG,NHS,
NHS LAMBETH CCG,NHS,
NHS LANCASHIRE NORTH CCG,NHS,
NHS LEEDS CCG,NHS,
NHS Leeds CCG,NHS,
NHS LEEDS NORTH CCG,NHS,
NHS LEEDS SOUTH AND EAST CCG,NHS,
NHS LEEDS WEST CCG,NHS,
NHS LEICESTER CITY CCG,NHS,
NHS Leicester City CCG,NHS,
NHS Lewisham CCG,NHS,
NHS LEWISHAM CCG,NHS,
NHS LINCOLNSHIRE CCG,NHS,
NHS Lincolnshire East CCG,NHS,
NHS LINCOLNSHIRE EAST CCG,NHS,
NHS Lincolnshire West CCG,NHS,
NHS LINCOLNSHIRE WEST CCG,NHS,
NHS LIVERPOOL CCG,NHS,
NHS Liverpool CCG,NHS,
NHS Luton CCG,NHS,
NHS LUTON CCG,NHS,
NHS MANCHESTER CCG,NHS,
NHS Manchester CCG,NHS,
NHS Mansfield and Ashfield CCG,NHS,
NHS MANSFIELD AND ASHFIELD CCG,NHS,
NHS Medway CCG,NHS,
NHS MEDWAY CCG,NHS,
NHS Merton CCG,NHS,
NHS MERTON CCG,NHS,
NHS MID ESSEX CCG,NHS,
NHS Mid Essex CCG,NHS,
NHS Midlands and Lancashire Commissioning Support Unit,NHS,
NHS MIDLANDS AND LANCASHIRE COMMISSIONING SUPPORT UNIT,NHS,
NHS Milton Keynes CCG,NHS,
NHS MILTON KEYNES CCG,NHS,
NHS MORECAMBE BAY CCG,NHS,
NHS Morecambe Bay CCG,NHS,
NHS National Services Scotland,NHS,
NHS NATIONAL SERVICES SCOTLAND,NHS,
NHS Nene CCG,NHS,
NHS NENE CCG,NHS,
NHS Newark and Sherwood CCG,NHS,
NHS NEWARK AND SHERWOOD CCG,NHS,
NHS NEWBURY AND DISTRICT CCG,NHS,
NHS NEWBURY  AND  DISTRICT CCG,NHS,
NHS NEWCASTLE GATESHEAD CCG,NHS,
NHS Newcastle Gateshead CCG,NHS,
NHS Newham CCG,NHS,
NHS NEWHAM CCG,NHS,
NHS NORFOLK AND WAVENEY CCG,NHS,
NHS North and East London Commissioning Support Unit,NHS,
NHS NORTH AND EAST LONDON COMMISSIONING SUPPORT UNIT,NHS,
NHS NORTH AND WEST READING CCG,NHS,
NHS NORTH CENTRAL LONDON CCG,NHS,
NHS NORTH CUMBRIA CCG,NHS,
NHS North Cumbria CCG,NHS,
NHS North Derbyshire CCG,NHS,
NHS NORTH DERBYSHIRE CCG,NHS,
NHS North Durham CCG,NHS,
NHS NORTH DURHAM CCG,NHS,
NHS NORTH EAST ESSEX CCG,NHS,
NHS North East Essex CCG,NHS,
NHS North East Hampshire and Farnham CCG,NHS,
NHS NORTH EAST HAMPSHIRE AND FARNHAM CCG,NHS,
NHS NORTH EAST LINCOLNSHIRE CCG,NHS,
NHS North East Lincolnshire CCG,NHS,
NHS North East London CCG,NHS,
NHS North Hampshire CCG,NHS,
NHS NORTH HAMPSHIRE CCG,NHS,
NHS North Kirklees CCG,NHS,
NHS NORTH KIRKLEES CCG,NHS,
NHS NORTH LINCOLNSHIRE CCG,NHS,
NHS North Lincolnshire CCG,NHS,
NHS NORTH MANCHESTER CCG,NHS,
NHS North Norfolk CCG,NHS,
NHS NORTH NORFOLK CCG,NHS,
NHS North of England Commissioning Support Unit,NHS,
NHS NORTH OF ENGLAND COMMISSIONING SUPPORT UNIT,NHS,
NHS NORTH SOMERSET CCG,NHS,
NHS NORTH STAFFORDSHIRE CCG,NHS,
NHS North Staffordshire CCG,NHS,
NHS NORTH TYNESIDE CCG,NHS,
NHS North Tyneside CCG,NHS,
NHS North West London CCG,NHS,
NHS NORTH WEST SURREY CCG,NHS,
NHS NORTH YORKSHIRE CCG,NHS,
NHS NORTHAMPTONSHIRE CCG,NHS,
NHS Northamptonshire CCG,NHS,
NHS NORTHERN EASTERN WESTERN DEVON CCG,NHS,
"NHS Northern, Eastern and Western Devon CCG",NHS,
"NHS NORTHERN, EASTERN AND WESTERN DEVON CCG",NHS,
NHS NORTHUMBERLAND CCG,NHS,
NHS Northumberland CCG,NHS,
NHS Norwich CCG,NHS,
NHS NORWICH CCG,NHS,
NHS NOTTINGHAM AND NOTTINGHAMSHIRE CCG,NHS,
NHS Nottingham City CCG,NHS,
NHS NOTTINGHAM CITY CCG,NHS,
NHS Nottingham North and East CCG,NHS,
NHS NOTTINGHAM NORTH AND EAST CCG,NHS,
NHS Nottingham West CCG,NHS,
NHS NOTTINGHAM WEST CCG,NHS,
NHS OLDHAM CCG,NHS,
NHS Oldham CCG,NHS,
NHS OXFORDSHIRE CCG,NHS,
NHS Oxfordshire CCG,NHS,
NHS Portsmouth CCG,NHS,
NHS PORTSMOUTH CCG,NHS,
NHS Redbridge CCG,NHS,
NHS REDBRIDGE CCG,NHS,
NHS Redditch and Bromsgrove CCG,NHS,
NHS REDDITCH AND BROMSGROVE CCG,NHS,
NHS Richmond CCG,NHS,
NHS RICHMOND CCG,NHS,
NHS ROTHERHAM CCG,NHS,
NHS Rotherham CCG,NHS,
NHS Rushcliffe CCG,NHS,
NHS RUSHCLIFFE CCG,NHS,
NHS SALFORD CCG,NHS,
NHS Salford CCG,NHS,
NHS Sandwell and West Birmingham CCG,NHS,
NHS SANDWELL AND WEST BIRMINGHAM CCG,NHS,
NHS Scarborough and Ryedale CCG,NHS,
NHS SCARBOROUGH AND RYEDALE CCG,NHS,
NHS SHEFFIELD CCG,NHS,
NHS Sheffield CCG,NHS,
NHS Shropshire CCG,NHS,
NHS SHROPSHIRE CCG,NHS,
"NHS Shropshire, Telford and Wrekin CCG",NHS,
NHS SLOUGH CCG,NHS,
NHS SOLIHULL CCG,NHS,
NHS SOMERSET CCG,NHS,
NHS Somerset CCG,NHS,
NHS South Cheshire CCG,NHS,
NHS SOUTH CHESHIRE CCG,NHS,
NHS South Commissioning Support Unit,NHS,
NHS South Devon and Torbay CCG,NHS,
NHS SOUTH DEVON AND TORBAY CCG,NHS,
NHS SOUTH EAST LONDON CCG,NHS,
NHS SOUTH EAST STAFFORDSHIRE AND SEISDON PENINSULA CCG,NHS,
NHS South East Staffordshire and Seisdon Peninsula CCG,NHS,
NHS SOUTH EAST STAFFS AND SEISDON PENINSULAR CCG,NHS,
NHS South Eastern Hampshire CCG,NHS,
NHS SOUTH EASTERN HAMPSHIRE CCG,NHS,
NHS SOUTH GLOUCESTERSHIRE CCG,NHS,
NHS South Kent Coast CCG,NHS,
NHS SOUTH KENT COAST CCG,NHS,
NHS South Lincolnshire CCG,NHS,
NHS SOUTH LINCOLNSHIRE CCG,NHS,
NHS SOUTH MANCHESTER CCG,NHS,
NHS South Norfolk CCG,NHS,
NHS SOUTH NORFOLK CCG,NHS,
NHS SOUTH READING CCG,NHS,
NHS SOUTH SEFTON CCG,NHS,
NHS South Sefton CCG,NHS,
NHS South Tees CCG,NHS,
NHS SOUTH TEES CCG,NHS,
NHS SOUTH TYNESIDE CCG,NHS,
NHS South Tyneside CCG,NHS,
NHS South Warwickshire CCG,NHS,
NHS SOUTH WARWICKSHIRE CCG,NHS,
NHS South West Lincolnshire CCG,NHS,
NHS SOUTH WEST LINCOLNSHIRE CCG,NHS,
NHS SOUTH WEST LONDON CCG,NHS,
NHS South Worcestershire CCG,NHS,
NHS SOUTH WORCESTERSHIRE CCG,NHS,
"NHS South, Central and West Commissioning Support Unit",NHS,
"NHS SOUTH, CENTRAL AND WEST COMMISSIONING SUPPORT UNIT",NHS,
NHS Southampton CCG,NHS,
NHS SOUTHAMPTON CCG,NHS,
NHS Southampton City CCG,NHS,
NHS SOUTHAMPTON CITY CCG,NHS,
NHS SOUTHEND CCG,NHS,
NHS Southend CCG,NHS,
NHS Southern Derbyshire CCG,NHS,
NHS SOUTHERN DERBYSHIRE CCG,NHS,
NHS SOUTHPORT AND FORMBY CCG,NHS,
NHS Southport and Formby CCG,NHS,
NHS Southwark CCG,NHS,
NHS SOUTHWARK CCG,NHS,
NHS ST HELENS CCG,NHS,
NHS STAFFORD AND SURROUNDS CCG,NHS,
NHS Stafford and Surrounds CCG,NHS,
NHS STOCKPORT CCG,NHS,
NHS Stockport CCG,NHS,
NHS STOKE ON TRENT CCG,NHS,
NHS SUNDERLAND CCG,NHS,
NHS Sunderland CCG,NHS,
NHS Surrey Downs CCG,NHS,
NHS SURREY DOWNS CCG,NHS,
NHS SURREY HEARTLANDS CCG,NHS,
NHS Surrey Heath CCG,NHS,
NHS SURREY HEATH CCG,NHS,
NHS Sutton CCG,NHS,
NHS SUTTON CCG,NHS,
NHS Swale CCG,NHS,
NHS SWALE CCG,NHS,
NHS Swindon CCG,NHS,
NHS SWINDON CCG,NHS,
NHS TAMESIDE AND GLOSSOP CCG,NHS,
NHS Tameside and Glossop CCG,NHS,
NHS TEES VALLEY CCG,NHS,
NHS Tees Valley CCG,NHS,
NHS Telford and Wrekin CCG,NHS,
NHS TELFORD AND WREKIN CCG,NHS,
NHS Thanet CCG,NHS,
NHS THANET CCG,NHS,
NHS THURROCK CCG,NHS,
NHS Thurrock CCG,NHS,
NHS Tower Hamlets CCG,NHS,
NHS TOWER HAMLETS CCG,NHS,
NHS TRAFFORD CCG,NHS,
NHS Trafford CCG,NHS,
NHS Trust Development Authority,NHS,
NHS TRUST DEVELOPMENT AUTHORITY (NTDA),NHS,
NHS VALE OF YORK CCG,NHS,
NHS Vale of York CCG,NHS,
NHS Vale Royal CCG,NHS,
NHS VALE ROYAL CCG,NHS,
NHS WAKEFIELD CCG,NHS,
NHS Wakefield CCG,NHS,
NHS WALES INFORMATICS SERVICE (NWIS),NHS,
NHS Walsall CCG,NHS,
NHS WALSALL CCG,NHS,
NHS Waltham Forest CCG,NHS,
NHS WALTHAM FOREST CCG,NHS,
NHS Wandsworth CCG,NHS,
NHS WANDSWORTH CCG,NHS,
NHS WARRINGTON CCG,NHS,
NHS Warrington CCG,NHS,
NHS Warwickshire North CCG,NHS,
NHS WARWICKSHIRE NORTH CCG,NHS,
NHS West Cheshire CCG,NHS,
NHS WEST CHESHIRE CCG,NHS,
NHS WEST ESSEX CCG,NHS,
NHS West Essex CCG,NHS,
NHS West Hampshire CCG,NHS,
NHS WEST HAMPSHIRE CCG,NHS,
NHS West Kent CCG,NHS,
NHS WEST KENT CCG,NHS,
NHS WEST LANCASHIRE CCG,NHS,
NHS West Lancashire CCG,NHS,
NHS WEST LEICESTERSHIRE CCG,NHS,
NHS West Leicestershire CCG,NHS,
NHS West London CCG,NHS,
NHS WEST LONDON CCG,NHS,
NHS West Norfolk CCG,NHS,
NHS WEST NORFOLK CCG,NHS,
NHS WEST SUFFOLK CCG,NHS,
NHS West Suffolk CCG,NHS,
NHS WEST SUSSEX CCG,NHS,
NHS WIGAN BOROUGH CCG,NHS,
NHS Wigan Borough CCG,NHS,
NHS Wiltshire CCG,NHS,
NHS WILTSHIRE CCG,NHS,
NHS WINDSOR ASCOT AND MAIDENHEAD CCG,NHS,
"NHS WINDSOR, ASCOT AND MAIDENHEAD CCG",NHS,
NHS WIRRAL CCG,NHS,
NHS Wirral CCG,NHS,
NHS WOKINGHAM CCG,NHS,
NHS Wolverhampton CCG,NHS,
NHS WOLVERHAMPTON CCG,NHS,
NHS Wyre Forest CCG,NHS,
NHS WYRE FOREST CCG,NHS,
NON-SPECIALIST ACUTE TRUSTS IN ENGLAND,NHS,
Non-specialist acute trusts in England,NHS,
NORTH BRISTOL NHS TRUST,NHS,
North Bristol NHS Trust,NHS,
North Central London Cancer Alliance,NHS,
Northern Cancer Alliance,NHS,
Northern Lincolnshire and Goole Hospitals NHS Foundation Trust,NHS,
"Northumberland, Tyne and Wear NHS Foundation Trust",NHS,
"NORTHUMBERLAND, TYNE AND WEAR NHS FOUNDATION TRUST",NHS,
Northumbria Healthcare NHS Foundation Trust,NHS,
NOTTINGHAM UNIVERSITY HOSPITALS NHS TRUST,NHS,
Nottingham University Hospitals NHS Trust,NHS,
NOTTINGHAMSHIRE HEALTHCARE NHS FOUNDATION TRUST,NHS,
OXFORD UNIVERSITY HOSPITALS NHS FOUNDATION TRUST,NHS,
Oxford University Hospitals NHS Foundation Trust,NHS,
OXFORD UNIVERSITY HOSPITALS NHS TRUST,NHS,
Oxford University Hospitals NHS Trust,NHS,
Poole Hospital NHS Foundation Trust,NHS,
POOLE HOSPITAL NHS FOUNDATION TRUST,NHS,
POWYS TEACHING LHB,NHS,
Regional Drug & Therapeutic Centre,NHS,
REGIONAL DRUG & THERAPEUTIC CENTRE,NHS,
RM Partners,NHS,
Royal Brompton and Harefield NHS Trust,NHS,
ROYAL BROMPTON AND HAREFIELD NHS TRUST,NHS,
Royal Derby Hospitals,NHS,
ROYAL DEVON AND EXETER NHS FOUNDATION TRUST,NHS,
Royal Devon and Exeter NHS Foundation Trust,NHS,
Royal Free London NHS Foundation Trust,NHS,
ROYAL FREE LONDON NHS FOUNDATION TRUST,NHS,
ROYAL LIVERPOOL AND BROADGREEN UNIVERSITY HOSPITALS NHS TRUST,NHS,
Royal Liverpool and Broadgreen University Hospitals NHS Trust,NHS,
Royal Liverpool University Hospital,NHS,
ROYAL LIVERPOOL UNIVERSITY HOSPITAL,NHS,
Royal National Orthopaedic Hospital NHS Trust,NHS,
ROYAL NATIONAL ORTHOPAEDIC HOSPITAL NHS TRUST,NHS,
Royal Surrey County Hospital NHS Foundation Trust,NHS,
SALFORD ROYAL NHS FOUNDATION TRUST,NHS,
Salford Royal NHS Foundation Trust,NHS,
Sandwell and West Birmingham Hospitals NHS Trust,NHS,
SHEFFIELD TEACHING HOSPITALS NHS FOUNDATION TRUST,NHS,
South East London Cancer Alliance,NHS,
SOUTH LONDON AND MAUDSLEY NHS FOUNDATION TRUST,NHS,
South London and Maudsley NHS Foundation Trust,NHS,
South Yorkshire & Bassetlaw Cancer Alliance,NHS,
SOUTHAMPTON GENERAL HOSPTIAL,NHS,
St Helens & Knowsley Teaching Hospitals NHS Trust,NHS,
ST JAMES UNIVERSITY HOSPITAL NHS TRUST,NHS,
St James University Hospital NHS Trust,NHS,
Thames Valley Cancer Alliance,NHS,
The Christie NHS Foundation Trust,NHS,
The Clatterbridge Cancer Centre NHS Foundation Trust,NHS,
THE CLATTERBRIDGE CANCER CENTRE NHS FOUNDATION TRUST,NHS,
THE DUDLEY GROUP NHS FOUNDATION TRUST,NHS,
THE NEWCASTLE UPON TYNE HOSPITALS NHS FOUNDATION TRUST,NHS,
The Newcastle upon Tyne Hospitals NHS Foundation Trust,NHS,
The Royal Marsden NHS Foundation Trust,NHS,
THE ROYAL WOLVERHAMPTON NHS TRUST,NHS,
University College London Hospitals NHS Foundation Trust,NHS,
UNIVERSITY COLLEGE LONDON HOSPITALS NHS FOUNDATION TRUST,NHS,
University Hospital of North Staffordshire,NHS,
UNIVERSITY HOSPITAL OF SOUTH MANCHESTER NHS FOUNDATION TRUST,NHS,
UNIVERSITY HOSPITAL SOUTHAMPTON NHS FOUNDATION TRUST,NHS,
University Hospital Southampton NHS Foundation Trust,NHS,
UNIVERSITY HOSPITALS BIRMINGHAM NHS FOUNDATION TRUST,NHS,
University Hospitals Birmingham NHS Foundation Trust,NHS,
University Hospitals Bristol and Weston NHS Foundation Trust,NHS,
University Hospitals Bristol NHS Foundation Trust,NHS,
UNIVERSITY HOSPITALS COVENTRY AND WARWICKSHIRE NHS TRUST,NHS,
University Hospitals Coventry and Warwickshire NHS Trust,NHS,
UNIVERSITY HOSPITALS OF DERBY AND BURTON NHS FOUNDATION TRUST,NHS,
University Hospitals of Derby and Burton NHS Foundation Trust,NHS,
UNIVERSITY HOSPITALS OF NORTH MIDLANDS NHS TRUST,NHS,
VANGUARD - MOORFIELDS EYE HOSPITAL NHS FOUNDATION TRUST,NHS,
Wessex Cancer Alliance,NHS,
West Hertfordshire Hospitals NHS Trust,NHS,
West Hertfordshire Hospitals NHS Trust (WHHT),NHS,
WEST HERTFORDSHIRE HOSPITALS NHS TRUST (WHHT),NHS,
West Midlands Cancer Alliance,NHS,
West Yorkshire and Harrogate Cancer Alliance,NHS,
WESTERN GENERAL HOSPITAL,NHS,
Western General Hospital,NHS,
